TÃ©rmino,Hack,Longitud,Popularidad
does,do.es,4,687
yes,y.es,3,606
themselves,themselv.es,10,474
times,tim.es,5,299
eyes,ey.es,4,297
states,stat.es,6,265
services,servic.es,8,249
sometimes,sometim.es,9,205
changes,chang.es,7,191
minutes,minut.es,7,183
cases,cas.es,5,183
companies,compani.es,9,178
countries,countri.es,9,168
makes,mak.es,5,167
comes,com.es,5,160
goes,go.es,4,149
series,seri.es,6,144
studies,studi.es,7,137
authorities,authoriti.es,11,130
parties,parti.es,7,127
issues,issu.es,6,123
takes,tak.es,5,119
forces,forc.es,6,117
activities,activiti.es,10,116
rates,rat.es,5,116
figures,figur.es,7,114
rules,rul.es,5,109
miles,mil.es,5,107
lives,liv.es,5,105
resources,resourc.es,9,105
gives,giv.es,5,104
sales,sal.es,5,104
circumstances,circumstanc.es,13,104
lines,lin.es,5,102
prices,pric.es,6,101
houses,hous.es,6,100
places,plac.es,6,98
species,speci.es,7,96
wales,wal.es,5,93
features,featur.es,8,89
types,typ.es,5,89
policies,polici.es,8,88
provides,provid.es,8,84
shares,shar.es,6,84
families,famili.es,8,83
trees,tre.es,5,83
courses,cours.es,7,80
differences,differenc.es,11,78
names,nam.es,5,77
becomes,becom.es,7,77
values,valu.es,6,76
facilities,faciliti.es,10,75
clothes,cloth.es,7,73
examples,exampl.es,8,71
bodies,bodi.es,6,70
measures,measur.es,8,69
difficulties,difficulti.es,12,68
includes,includ.es,8,68
sources,sourc.es,7,67
notes,not.es,5,66
programmes,programm.es,10,65
leaves,leav.es,6,65
sides,sid.es,5,63
charges,charg.es,7,63
games,gam.es,5,62
homes,hom.es,5,61
classes,class.es,7,61
techniques,techniqu.es,10,59
employees,employe.es,9,58
opportunities,opportuniti.es,13,58
purposes,purpos.es,8,58
sites,sit.es,5,58
principles,principl.es,10,57
pieces,piec.es,6,56
colleagues,colleagu.es,10,56
pictures,pictur.es,8,55
processes,process.es,9,55
uses,us.es,4,54
centres,centr.es,7,54
procedures,procedur.es,10,53
requires,requir.es,8,53
lies,li.es,4,52
schemes,schem.es,7,51
horses,hors.es,6,49
stories,stori.es,7,48
machines,machin.es,8,48
attitudes,attitud.es,9,48
faces,fac.es,5,47
practices,practic.es,9,46
jones,jon.es,5,46
causes,caus.es,6,46
structures,structur.es,10,45
ourselves,ourselv.es,9,45
consequences,consequenc.es,12,44
societies,societi.es,9,44
offices,offic.es,7,44
pages,pag.es,5,44
cities,citi.es,6,44
increases,increas.es,9,43
objectives,objectiv.es,10,43
representatives,representativ.es,15,43
industries,industri.es,10,43
hopes,hop.es,5,42
stages,stag.es,6,42
involves,involv.es,8,41
properties,properti.es,10,41
communities,communiti.es,11,41
continues,continu.es,9,40
believes,believ.es,8,40
candidates,candidat.es,10,40
premises,premis.es,8,39
duties,duti.es,6,39
losses,loss.es,6,38
agencies,agenci.es,8,37
ages,ag.es,4,37
wages,wag.es,5,37
businesses,business.es,10,37
shoes,sho.es,5,37
theories,theori.es,8,37
moves,mov.es,5,36
images,imag.es,6,36
centuries,centuri.es,9,36
experiences,experienc.es,11,35
copies,copi.es,6,35
sees,se.es,4,35
churches,church.es,8,35
languages,languag.es,9,34
metres,metr.es,6,34
categories,categori.es,10,34
branches,branch.es,8,33
ladies,ladi.es,6,33
stones,ston.es,6,33
supplies,suppli.es,8,32
approaches,approach.es,10,32
votes,vot.es,5,31
degrees,degre.es,7,31
vehicles,vehicl.es,8,31
wishes,wish.es,6,30
matches,match.es,7,30
chances,chanc.es,7,30
fees,fe.es,4,29
advantages,advantag.es,10,29
articles,articl.es,8,29
responsibilities,responsibiliti.es,16,29
files,fil.es,5,29
likes,lik.es,5,29
sentences,sentenc.es,9,29
tables,tabl.es,6,29
waves,wav.es,5,28
applies,appli.es,7,28
samples,sampl.es,7,28
boxes,box.es,5,28
judges,judg.es,6,28
roles,rol.es,5,28
taxes,tax.es,5,28
villages,villag.es,8,28
pressures,pressur.es,9,27
modules,modul.es,7,27
universities,universiti.es,12,27
dates,dat.es,5,27
holes,hol.es,5,27
relatives,relativ.es,9,27
strategies,strategi.es,10,27
committees,committe.es,10,27
knees,kne.es,5,26
describes,describ.es,9,26
injuries,injuri.es,8,26
writes,writ.es,6,26
besides,besid.es,7,26
memories,memori.es,8,26
responses,respons.es,9,26
decades,decad.es,7,25
possibilities,possibiliti.es,13,25
qualities,qualiti.es,9,25
babies,babi.es,6,25
estimates,estimat.es,9,25
glasses,glass.es,7,25
nurses,nurs.es,6,25
produces,produc.es,8,25
colleges,colleg.es,8,25
stores,stor.es,6,24
offences,offenc.es,8,24
voices,voic.es,6,24
boundaries,boundari.es,10,24
inches,inch.es,6,24
conservatives,conservativ.es,13,23
damages,damag.es,7,23
argues,argu.es,6,23
indicates,indicat.es,9,23
bones,bon.es,5,23
guidelines,guidelin.es,10,23
plates,plat.es,6,23
variables,variabl.es,9,22
libraries,librari.es,9,22
males,mal.es,5,22
devices,devic.es,7,22
gates,gat.es,5,22
reserves,reserv.es,8,22
magistrates,magistrat.es,11,21
genes,gen.es,5,21
davies,davi.es,6,21
titles,titl.es,6,21
creatures,creatur.es,9,21
enables,enabl.es,7,21
routes,rout.es,6,21
scenes,scen.es,6,21
sciences,scienc.es,8,21
tories,tori.es,6,20
styles,styl.es,6,20
females,femal.es,7,20
expenses,expens.es,8,20
estates,estat.es,7,20
implies,impli.es,7,20
messages,messag.es,8,20
references,referenc.es,10,20
muscles,muscl.es,7,20
priorities,prioriti.es,10,20
tries,tri.es,5,20
wives,wiv.es,5,19
economies,economi.es,9,19
exercises,exercis.es,9,19
refugees,refuge.es,8,19
engines,engin.es,7,19
initiatives,initiativ.es,11,19
passes,pass.es,6,19
quantities,quantiti.es,10,19
securities,securiti.es,10,19
shapes,shap.es,6,19
tonnes,tonn.es,6,19
crimes,crim.es,6,18
entries,entri.es,7,18
arises,aris.es,6,18
rises,ris.es,5,18
scores,scor.es,6,18
vegetables,vegetabl.es,10,18
diseases,diseas.es,8,18
bottles,bottl.es,7,18
serves,serv.es,6,18
carries,carri.es,7,18
choices,choic.es,7,18
races,rac.es,5,17
alternatives,alternativ.es,12,17
factories,factori.es,9,17
particles,particl.es,9,17
edges,edg.es,5,17
enquiries,enquiri.es,9,17
enterprises,enterpris.es,11,17
instances,instanc.es,9,17
magazines,magazin.es,9,17
promises,promis.es,8,17
senses,sens.es,6,17
sizes,siz.es,5,17
strikes,strik.es,7,17
witnesses,witness.es,9,17
circles,circl.es,7,17
acres,acr.es,5,16
mistakes,mistak.es,8,16
potatoes,potato.es,8,16
volumes,volum.es,7,16
allies,alli.es,6,16
performances,performanc.es,12,16
counties,counti.es,8,16
disputes,disput.es,8,16
influences,influenc.es,10,16
themes,them.es,6,16
couples,coupl.es,7,16
cultures,cultur.es,8,16
delegates,delegat.es,9,16
ties,ti.es,4,16
scales,scal.es,6,15
technologies,technologi.es,12,15
enemies,enemi.es,7,15
lectures,lectur.es,8,15
spaces,spac.es,6,15
incomes,incom.es,7,15
molecules,molecul.es,9,15
operates,operat.es,8,15
packages,packag.es,8,15
peoples,peopl.es,7,15
buses,bus.es,5,15
reaches,reach.es,7,15
relates,relat.es,7,15
roses,ros.es,5,15
varieties,varieti.es,9,15
advances,advanc.es,8,14
mines,min.es,5,14
sequences,sequenc.es,9,14
territories,territori.es,11,14
creates,creat.es,7,14
dishes,dish.es,6,14
futures,futur.es,7,14
sixties,sixti.es,7,14
temperatures,temperatur.es,12,14
drives,driv.es,6,14
raises,rais.es,6,14
surfaces,surfac.es,8,14
tapes,tap.es,5,14
abilities,abiliti.es,9,13
addresses,address.es,9,13
executives,executiv.es,10,13
worries,worri.es,7,13
allowances,allowanc.es,10,13
tales,tal.es,5,13
trades,trad.es,6,13
analyses,analys.es,8,13
angles,angl.es,6,13
flames,flam.es,6,13
varies,vari.es,6,13
fires,fir.es,5,13
loves,lov.es,5,13
masses,mass.es,6,13
phrases,phras.es,7,13
poles,pol.es,5,13
receives,receiv.es,8,13
substances,substanc.es,10,13
challenges,challeng.es,10,13
cigarettes,cigarett.es,10,13
clauses,claus.es,7,13
codes,cod.es,5,13
deputies,deputi.es,8,12
shelves,shelv.es,7,12
appearances,appearanc.es,11,12
flies,fli.es,5,12
lakes,lak.es,5,12
nerves,nerv.es,6,12
revenues,revenu.es,8,12
debates,debat.es,7,12
blues,blu.es,5,12
galleries,galleri.es,9,12
modes,mod.es,5,12
pipes,pip.es,5,12
reduces,reduc.es,7,12
tiles,til.es,5,12
trustees,truste.es,8,12
zones,zon.es,5,12
conferences,conferenc.es,11,12
penalties,penalti.es,9,11
prizes,priz.es,6,11
wines,win.es,5,11
jokes,jok.es,5,11
needles,needl.es,7,11
planes,plan.es,6,11
dies,di.es,4,11
failures,failur.es,8,11
guides,guid.es,6,11
heroes,hero.es,6,11
passages,passag.es,8,11
ranges,rang.es,6,11
attributes,attribut.es,10,11
subsidies,subsidi.es,9,11
defences,defenc.es,8,11
disciplines,disciplin.es,11,11
exchanges,exchang.es,9,11
graduates,graduat.es,9,11
illustrates,illustrat.es,11,11
provinces,provinc.es,9,11
troubles,troubl.es,8,11
preferences,preferenc.es,11,10
thieves,thiev.es,7,10
traces,trac.es,6,10
weaknesses,weakness.es,10,10
fortunes,fortun.es,8,10
lanes,lan.es,5,10
motives,motiv.es,7,10
constitutes,constitut.es,11,10
gloves,glov.es,6,10
guarantees,guarante.es,10,10
incentives,incentiv.es,10,10
armies,armi.es,6,10
laboratories,laboratori.es,12,10
assumes,assum.es,7,10
audiences,audienc.es,9,10
smiles,smil.es,6,10
speeches,speech.es,8,10
stitches,stitch.es,8,10
tastes,tast.es,6,10
beaches,beach.es,7,10
databases,databas.es,9,10
emerges,emerg.es,7,10
fifties,fifti.es,7,10
frames,fram.es,6,10
bridges,bridg.es,7,10
missiles,missil.es,8,10
movies,movi.es,6,10
phases,phas.es,6,10
cakes,cak.es,5,10
remedies,remedi.es,8,10
seventies,seventi.es,9,10
slopes,slop.es,6,10
toes,to.es,4,10
tubes,tub.es,5,10
casualties,casualti.es,10,10
colonies,coloni.es,8,10
struggles,struggl.es,9,9
inquiries,inquiri.es,9,9
replies,repli.es,7,9
salaries,salari.es,8,9
agrees,agre.es,6,9
airlines,airlin.es,8,9
decides,decid.es,7,9
deserves,deserv.es,8,9
stakes,stak.es,6,9
successes,success.es,9,9
demonstrates,demonstrat.es,12,9
apples,appl.es,6,9
disadvantages,disadvantag.es,13,9
energies,energi.es,8,9
gases,gas.es,5,9
arrives,arriv.es,7,9
liabilities,liabiliti.es,11,9
minorities,minoriti.es,10,9
associates,associat.es,10,9
purchases,purchas.es,9,9
sandwiches,sandwich.es,10,9
shades,shad.es,6,9
singles,singl.es,7,9
squares,squar.es,7,9
tones,ton.es,5,9
battles,battl.es,7,9
contemporaries,contemporari.es,14,9
cottages,cottag.es,8,9
cries,cri.es,5,9
curves,curv.es,6,9
desires,desir.es,7,9
detectives,detectiv.es,10,9
distances,distanc.es,9,9
ensures,ensur.es,7,9
indies,indi.es,6,9
mates,mat.es,5,9
noises,nois.es,6,9
outcomes,outcom.es,8,9
patches,patch.es,7,9
privileges,privileg.es,10,9
similarities,similariti.es,12,9
capabilities,capabiliti.es,12,9
stresses,stress.es,8,9
whites,whit.es,6,9
certificates,certificat.es,12,9
charities,chariti.es,9,9
cheques,chequ.es,7,9
clues,clu.es,5,9
coaches,coach.es,7,9
comprises,compris.es,9,9
eighties,eighti.es,8,8
tissues,tissu.es,7,8
constituencies,constituenci.es,14,8
dresses,dress.es,7,8
loses,los.es,5,8
releases,releas.es,8,8
slaves,slav.es,6,8
thirties,thirti.es,8,8
tyres,tyr.es,5,8
antibodies,antibodi.es,10,8
episodes,episod.es,8,8
frequencies,frequenci.es,11,8
proves,prov.es,6,8
secretaries,secretari.es,11,8
ventures,ventur.es,8,8
cycles,cycl.es,6,8
denies,deni.es,6,8
encourages,encourag.es,10,8
fibres,fibr.es,6,8
fisheries,fisheri.es,9,8
bosses,boss.es,6,8
grades,grad.es,6,8
headlines,headlin.es,9,8
hectares,hectar.es,8,8
histories,histori.es,9,8
isles,isl.es,5,8
licences,licenc.es,8,8
marriages,marriag.es,9,8
obstacles,obstacl.es,9,8
bushes,bush.es,6,8
realities,realiti.es,9,8
calories,calori.es,8,8
candles,candl.es,7,8
slides,slid.es,6,8
tomatoes,tomato.es,8,8
whales,whal.es,6,8
concludes,conclud.es,9,8
crosses,cross.es,7,7
proposes,propos.es,8,7
touches,touch.es,7,7
knives,kniv.es,6,7
lorries,lorri.es,7,7
advocates,advocat.es,9,7
es,.es,2,7
finances,financ.es,8,7
justices,justic.es,8,7
princes,princ.es,7,7
stretches,stretch.es,9,7
disturbances,disturbanc.es,12,7
archives,archiv.es,8,7
hostages,hostag.es,8,7
outlines,outlin.es,8,7
recipes,recip.es,7,7
tendencies,tendenci.es,10,7
wires,wir.es,5,7
balances,balanc.es,8,7
batteries,batteri.es,9,7
bees,be.es,4,7
currencies,currenci.es,10,7
dances,danc.es,6,7
determines,determin.es,10,7
diabetes,diabet.es,8,7
disabilities,disabiliti.es,12,7
discoveries,discoveri.es,11,7
doses,dos.es,5,7
examines,examin.es,8,7
fines,fin.es,5,7
handles,handl.es,7,7
hedges,hedg.es,6,7
inequalities,inequaliti.es,12,7
landscapes,landscap.es,10,7
notices,notic.es,7,7
personalities,personaliti.es,13,7
perspectives,perspectiv.es,12,7
queries,queri.es,7,7
quotes,quot.es,6,7
refuses,refus.es,7,7
saves,sav.es,5,7
sexes,sex.es,5,7
sleeves,sleev.es,7,7
strokes,strok.es,7,7
switches,switch.es,8,7
cares,car.es,5,7
trainees,traine.es,8,7
treaties,treati.es,8,7
twenties,twenti.es,8,7
virtues,virtu.es,7,7
wolves,wolv.es,6,7
catalogues,catalogu.es,10,7
catches,catch.es,7,7
clashes,clash.es,7,7
wastes,wast.es,6,6
watches,watch.es,7,6
derives,deriv.es,7,6
parishes,parish.es,8,6
sculptures,sculptur.es,10,6
fences,fenc.es,6,6
owes,ow.es,4,6
regimes,regim.es,7,6
searches,search.es,8,6
statutes,statut.es,8,6
terraces,terrac.es,8,6
alliances,allianc.es,9,6
expresses,express.es,9,6
introduces,introduc.es,10,6
pleasures,pleasur.es,9,6
spectacles,spectacl.es,10,6
subsidiaries,subsidiari.es,12,6
survives,surviv.es,8,6
crises,cris.es,6,6
defines,defin.es,7,6
directives,directiv.es,10,6
fares,far.es,5,6
gestures,gestur.es,8,6
hypotheses,hypothes.es,10,6
poses,pos.es,5,6
redundancies,redundanci.es,12,6
relies,reli.es,6,6
shortages,shortag.es,9,6
slices,slic.es,6,6
stables,stabl.es,7,6
stripes,strip.es,7,6
treasures,treasur.es,9,6
verses,vers.es,6,6
victories,victori.es,9,6
yourselves,yourselv.es,10,6
benches,bench.es,7,6
echoes,echo.es,6,6
entities,entiti.es,8,6
excuses,excus.es,7,6
extremes,extrem.es,8,6
finishes,finish.es,8,6
focuses,focus.es,7,6
fumes,fum.es,5,6
graves,grav.es,6,6
brakes,brak.es,6,6
identifies,identifi.es,10,6
incorporates,incorporat.es,12,6
inmates,inmat.es,7,6
manages,manag.es,7,6
medicines,medicin.es,9,6
ministries,ministri.es,10,6
mortgages,mortgag.es,9,6
piles,pil.es,5,6
cables,cabl.es,6,6
profiles,profil.es,8,6
recognises,recognis.es,10,6
residues,residu.es,8,6
ropes,rop.es,5,6
routines,routin.es,8,6
schedules,schedul.es,9,6
sketches,sketch.es,8,6
skies,ski.es,5,6
temples,templ.es,7,6
theatres,theatr.es,8,6
tribes,trib.es,6,6
castles,castl.es,7,6
chooses,choos.es,7,6
closures,closur.es,8,6
combines,combin.es,8,6
commodities,commoditi.es,11,6
compares,compar.es,8,6
complexes,complex.es,9,6
concentrates,concentrat.es,12,6
grievances,grievanc.es,10,5
replaces,replac.es,8,5
accessories,accessori.es,11,5
acknowledges,acknowledg.es,12,5
adjectives,adjectiv.es,10,5
humanities,humaniti.es,10,5
adventures,adventur.es,10,5
lenses,lens.es,6,5
pesticides,pesticid.es,10,5
surprises,surpris.es,9,5
tunes,tun.es,5,5
utilities,utiliti.es,9,5
deliveries,deliveri.es,10,5
eagles,eagl.es,6,5
fantasies,fantasi.es,9,5
grapes,grap.es,6,5
marshes,marsh.es,7,5
amenities,ameniti.es,9,5
rides,rid.es,5,5
satellites,satellit.es,10,5
utterances,utteranc.es,10,5
vines,vin.es,5,5
ankles,ankl.es,6,5
antiques,antiqu.es,8,5
anxieties,anxieti.es,9,5
apologies,apologi.es,9,5
costumes,costum.es,8,5
appliances,applianc.es,10,5
emphasises,emphasis.es,10,5
fixtures,fixtur.es,8,5
arches,arch.es,6,5
institutes,institut.es,10,5
localities,localiti.es,10,5
miracles,miracl.es,8,5
mysteries,mysteri.es,9,5
ashes,ash.es,5,5
nineties,nineti.es,8,5
nodes,nod.es,5,5
assemblies,assembli.es,10,5
phones,phon.es,6,5
assurances,assuranc.es,10,5
probes,prob.es,6,5
athletes,athlet.es,8,5
telephones,telephon.es,10,5
textiles,textil.es,8,5
vacancies,vacanci.es,9,5
bates,bat.es,5,5
beneficiaries,beneficiari.es,13,5
bikes,bik.es,5,5
contributes,contribut.es,11,5
blades,blad.es,6,5
diaries,diari.es,7,5
doubles,doubl.es,7,5
enzymes,enzym.es,7,5
forties,forti.es,7,5
generates,generat.es,9,5
glances,glanc.es,7,5
ignores,ignor.es,7,5
illnesses,illness.es,9,5
interfaces,interfac.es,10,5
kisses,kiss.es,6,5
leases,leas.es,6,5
liberties,liberti.es,9,5
monopolies,monopoli.es,10,5
bubbles,bubbl.es,7,5
pies,pi.es,4,5
butterflies,butterfli.es,11,5
possesses,possess.es,9,5
questionnaires,questionnair.es,14,5
resembles,resembl.es,9,5
sausages,sausag.es,8,5
shores,shor.es,6,5
snakes,snak.es,6,5
spheres,spher.es,7,5
spines,spin.es,6,5
statues,statu.es,7,5
teaches,teach.es,7,5
theses,thes.es,6,5
venues,venu.es,6,5
viruses,virus.es,7,5
caves,cav.es,5,5
cites,cit.es,5,5
closes,clos.es,6,5
complexities,complexiti.es,12,5
locomotives,locomotiv.es,11,4
abnormalities,abnormaliti.es,13,4
parasites,parasit.es,9,4
abuses,abus.es,6,4
pitches,pitch.es,7,4
corpses,corps.es,7,4
prostitutes,prostitut.es,11,4
recognizes,recogniz.es,10,4
dictionaries,dictionari.es,12,4
dunes,dun.es,5,4
hercules,hercul.es,8,4
ideologies,ideologi.es,10,4
launches,launch.es,8,4
marches,march.es,7,4
nobles,nobl.es,6,4
noses,nos.es,5,4
probabilities,probabiliti.es,13,4
syllables,syllabl.es,9,4
tees,te.es,4,4
cues,cu.es,4,4
declares,declar.es,8,4
discharges,discharg.es,10,4
elves,elv.es,5,4
envelopes,envelop.es,9,4
escapes,escap.es,7,4
excesses,excess.es,8,4
excludes,exclud.es,8,4
halves,halv.es,6,4
hormones,hormon.es,8,4
housewives,housewiv.es,10,4
loyalties,loyalti.es,9,4
membranes,membran.es,9,4
monies,moni.es,6,4
observes,observ.es,8,4
pastures,pastur.es,8,4
ponies,poni.es,6,4
promotes,promot.es,8,4
pulses,puls.es,6,4
queues,queu.es,6,4
ridges,ridg.es,6,4
signatures,signatur.es,10,4
auspices,auspic.es,8,4
stereotypes,stereotyp.es,11,4
tides,tid.es,5,4
uncertainties,uncertainti.es,13,4
urges,urg.es,5,4
valuables,valuabl.es,9,4
constables,constabl.es,10,4
bites,bit.es,5,4
coordinates,coordinat.es,11,4
dales,dal.es,5,4
decreases,decreas.es,9,4
deficiencies,deficienci.es,12,4
democracies,democraci.es,11,4
departures,departur.es,10,4
disciples,discipl.es,9,4
discourses,discours.es,10,4
discusses,discuss.es,9,4
distinguishes,distinguish.es,13,4
dominates,dominat.es,9,4
elites,elit.es,6,4
bonuses,bonus.es,7,4
explosives,explosiv.es,10,4
faculties,faculti.es,9,4
foxes,fox.es,5,4
galaxies,galaxi.es,8,4
hates,hat.es,5,4
headaches,headach.es,9,4
identities,identiti.es,10,4
imposes,impos.es,7,4
improves,improv.es,8,4
impulses,impuls.es,8,4
indices,indic.es,7,4
breaches,breach.es,8,4
litres,litr.es,6,4
brochures,brochur.es,9,4
lunches,lunch.es,7,4
marines,marin.es,7,4
bruises,bruis.es,7,4
brushes,brush.es,7,4
misses,miss.es,6,4
natives,nativ.es,7,4
occupies,occupi.es,8,4
oranges,orang.es,7,4
paces,pac.es,5,4
pebbles,pebbl.es,7,4
percentages,percentag.es,11,4
prejudices,prejudic.es,10,4
prepares,prepar.es,8,4
rallies,ralli.es,7,4
rees,re.es,4,4
rites,rit.es,5,4
calves,calv.es,6,4
capacities,capaciti.es,10,4
strides,strid.es,7,4
substitutes,substitut.es,11,4
sykes,syk.es,5,4
tongues,tongu.es,7,4
trenches,trench.es,8,4
carriages,carriag.es,9,4
valves,valv.es,6,4
warehouses,warehous.es,10,4
warranties,warranti.es,10,4
ceremonies,ceremoni.es,10,4
cheeses,chees.es,7,4
chromosomes,chromosom.es,11,4
clones,clon.es,6,4
comrades,comrad.es,8,4
confines,confin.es,8,3
removes,remov.es,7,3
derivatives,derivativ.es,11,3
invoices,invoic.es,8,3
achieves,achiev.es,8,3
missionaries,missionari.es,12,3
acquaintances,acquaintanc.es,13,3
doctrines,doctrin.es,9,3
entrances,entranc.es,9,3
fringes,fring.es,7,3
garages,garag.es,7,3
advises,advis.es,7,3
separates,separat.es,9,3
specifies,specifi.es,9,3
undergraduates,undergraduat.es,14,3
densities,densiti.es,9,3
faeces,faec.es,6,3
ferries,ferri.es,7,3
groves,grov.es,6,3
gypsies,gypsi.es,7,3
hinges,hing.es,6,3
hurdles,hurdl.es,7,3
intermediaries,intermediari.es,14,3
knuckles,knuckl.es,8,3
occurrences,occurrenc.es,11,3
palaces,palac.es,7,3
quarries,quarri.es,8,3
referees,refere.es,8,3
anecdotes,anecdot.es,9,3
announces,announc.es,9,3
anomalies,anomali.es,9,3
apes,ap.es,4,3
decrees,decre.es,7,3
apprentices,apprentic.es,11,3
discrepancies,discrepanci.es,13,3
dues,du.es,4,3
emergencies,emergenci.es,11,3
enhances,enhanc.es,8,3
explores,explor.es,8,3
grasses,grass.es,7,3
hides,hid.es,5,3
juices,juic.es,6,3
nomes,nom.es,5,3
assemblages,assemblag.es,11,3
pennies,penni.es,7,3
peptides,peptid.es,8,3
pledges,pledg.es,7,3
progresses,progress.es,10,3
pushes,push.es,6,3
realises,realis.es,8,3
robes,rob.es,5,3
roubles,roubl.es,7,3
royalties,royalti.es,9,3
satisfies,satisfi.es,9,3
specialises,specialis.es,11,3
spies,spi.es,5,3
strictures,strictur.es,10,3
sympathies,sympathi.es,10,3
triangles,triangl.es,9,3
avenues,avenu.es,7,3
averages,averag.es,8,3
wares,war.es,5,3
welcomes,welcom.es,8,3
badges,badg.es,6,3
beetles,beetl.es,7,3
berries,berri.es,7,3
bicycles,bicycl.es,8,3
declines,declin.es,8,3
detainees,detaine.es,9,3
blokes,blok.es,6,3
directories,directori.es,11,3
ditches,ditch.es,7,3
divides,divid.es,7,3
emphasizes,emphasiz.es,10,3
equities,equiti.es,8,3
establishes,establish.es,11,3
evokes,evok.es,6,3
exiles,exil.es,6,3
flashes,flash.es,7,3
granules,granul.es,8,3
hierarchies,hierarchi.es,11,3
hobbies,hobbi.es,7,3
hostilities,hostiliti.es,11,3
indexes,index.es,7,3
inferences,inferenc.es,10,3
invites,invit.es,7,3
breweries,breweri.es,9,3
irregularities,irregulariti.es,14,3
lashes,lash.es,6,3
lymphocytes,lymphocyt.es,11,3
mainframes,mainfram.es,10,3
manoeuvres,manoeuvr.es,10,3
manufactures,manufactur.es,12,3
brownies,browni.es,8,3
mixtures,mixtur.es,8,3
moles,mol.es,5,3
monasteries,monasteri.es,11,3
nationalities,nationaliti.es,13,3
nightmares,nightmar.es,10,3
nipples,nippl.es,7,3
nurseries,nurseri.es,9,3
bundles,bundl.es,7,3
pauses,paus.es,6,3
pirates,pirat.es,7,3
pores,por.es,5,3
presses,press.es,7,3
puzzles,puzzl.es,7,3
cages,cag.es,5,3
reinforces,reinforc.es,10,3
reptiles,reptil.es,8,3
riches,rich.es,6,3
rifles,rifl.es,6,3
rushes,rush.es,6,3
sacrifices,sacrific.es,10,3
scriptures,scriptur.es,10,3
shakes,shak.es,6,3
spices,spic.es,6,3
spikes,spik.es,6,3
strawberries,strawberri.es,12,3
suites,suit.es,6,3
textures,textur.es,8,3
trophies,trophi.es,8,3
vases,vas.es,5,3
cassettes,cassett.es,9,3
witches,witch.es,7,3
ceases,ceas.es,6,3
celebrates,celebrat.es,10,3
celebrities,celebriti.es,11,3
chocolates,chocolat.es,10,3
chores,chor.es,6,3
coincides,coincid.es,9,3
collapses,collaps.es,9,3
compromises,compromis.es,11,3
cones,con.es,5,3
conglomerates,conglomerat.es,13,2
grenades,grenad.es,8,2
eigenvalues,eigenvalu.es,11,2
aborigines,aborigin.es,10,2
absences,absenc.es,8,2
estuaries,estuari.es,9,2
grimes,grim.es,6,2
kites,kit.es,5,2
accompanies,accompani.es,11,2
debentures,debentur.es,10,2
disparities,dispariti.es,11,2
groceries,groceri.es,9,2
mercenaries,mercenari.es,11,2
originates,originat.es,10,2
presupposes,presuppos.es,11,2
acquires,acquir.es,8,2
actresses,actress.es,9,2
actuaries,actuari.es,9,2
additives,additiv.es,9,2
crates,crat.es,6,2
cruises,cruis.es,7,2
diagnoses,diagnos.es,9,2
fishes,fish.es,6,2
goodies,goodi.es,7,2
grooves,groov.es,7,2
insides,insid.es,7,2
marbles,marbl.es,7,2
matrices,matric.es,8,2
ounces,ounc.es,6,2
ravages,ravag.es,7,2
aeroplanes,aeroplan.es,10,2
shines,shin.es,6,2
slates,slat.es,6,2
spouses,spous.es,7,2
submarines,submarin.es,10,2
affinities,affiniti.es,10,2
aggregates,aggregat.es,10,2
aides,aid.es,5,2
aisles,aisl.es,6,2
correlates,correlat.es,10,2
dialogues,dialogu.es,9,2
alleges,alleg.es,7,2
electrodes,electrod.es,10,2
flakes,flak.es,6,2
franchises,franchis.es,10,2
glories,glori.es,7,2
headphones,headphon.es,10,2
inadequacies,inadequaci.es,12,2
isolates,isolat.es,8,2
levies,levi.es,6,2
magnates,magnat.es,8,2
ambiguities,ambiguiti.es,11,2
olives,oliv.es,6,2
opposes,oppos.es,7,2
oxides,oxid.es,6,2
phonemes,phonem.es,8,2
puddles,puddl.es,7,2
retires,retir.es,7,2
scares,scar.es,6,2
sidelines,sidelin.es,9,2
silences,silenc.es,8,2
spires,spir.es,6,2
summaries,summari.es,9,2
underlies,underli.es,9,2
analogies,analogi.es,9,2
whiskies,whiski.es,8,2
wrinkles,wrinkl.es,8,2
antiquities,antiquiti.es,11,2
apostles,apostl.es,8,2
contraceptives,contraceptiv.es,14,2
controversies,controversi.es,13,2
cranes,cran.es,6,2
appetites,appetit.es,9,2
dictates,dictat.es,8,2
disclosures,disclosur.es,11,2
dives,div.es,5,2
dries,dri.es,5,2
dyes,dy.es,4,2
eaves,eav.es,5,2
embassies,embassi.es,9,2
encompasses,encompass.es,11,2
eyelashes,eyelash.es,9,2
festivities,festiviti.es,11,2
fives,fiv.es,5,2
formalities,formaliti.es,11,2
gales,gal.es,5,2
architectures,architectur.es,13,2
glimpses,glimps.es,8,2
hippies,hippi.es,7,2
hooves,hoov.es,6,2
hurricanes,hurrican.es,10,2
imbalances,imbalanc.es,10,2
induces,induc.es,7,2
investigates,investigat.es,12,2
justifies,justifi.es,9,2
lavatories,lavatori.es,10,2
arteries,arteri.es,8,2
linkages,linkag.es,8,2
luxuries,luxuri.es,8,2
mares,mar.es,5,2
masterpieces,masterpiec.es,12,2
measles,measl.es,7,2
microphones,microphon.es,11,2
narratives,narrativ.es,10,2
negatives,negativ.es,9,2
novices,novic.es,7,2
opposites,opposit.es,9,2
overtones,overton.es,9,2
pregnancies,pregnanci.es,11,2
rebates,rebat.es,7,2
atrocities,atrociti.es,10,2
reminiscences,reminiscenc.es,13,2
attaches,attach.es,8,2
attendances,attendanc.es,11,2
scarves,scarv.es,7,2
selves,selv.es,6,2
settles,settl.es,7,2
shambles,shambl.es,8,2
soles,sol.es,5,2
spades,spad.es,6,2
stoves,stov.es,6,2
summarises,summaris.es,10,2
swedes,swed.es,6,2
syllabuses,syllabus.es,10,2
tackles,tackl.es,7,2
therapies,therapi.es,9,2
torches,torch.es,7,2
tragedies,tragedi.es,9,2
translates,translat.es,10,2
turtles,turtl.es,7,2
umpires,umpir.es,7,2
underlines,underlin.es,10,2
undertakes,undertak.es,10,2
voyages,voyag.es,7,2
balconies,balconi.es,9,2
bales,bal.es,5,2
bandages,bandag.es,8,2
barges,barg.es,6,2
barricades,barricad.es,10,2
batches,batch.es,7,2
beauties,beauti.es,8,2
behaves,behav.es,7,2
biographies,biographi.es,11,2
biopsies,biopsi.es,8,2
birdies,birdi.es,7,2
contingencies,contingenci.es,13,2
cores,cor.es,5,2
crashes,crash.es,7,2
blames,blam.es,6,2
cubes,cub.es,5,2
daisies,daisi.es,7,2
deadlines,deadlin.es,9,2
denotes,denot.es,7,2
dislikes,dislik.es,8,2
domes,dom.es,5,2
dukes,duk.es,5,2
dykes,dyk.es,5,2
earthquakes,earthquak.es,11,2
embodies,embodi.es,8,2
embraces,embrac.es,8,2
empires,empir.es,7,2
enclosures,enclosur.es,10,2
envisages,envisag.es,9,2
ewes,ew.es,4,2
expatriates,expatriat.es,11,2
expenditures,expenditur.es,12,2
expires,expir.es,7,2
facilitates,facilitat.es,11,2
fairies,fairi.es,7,2
fancies,fanci.es,7,2
flares,flar.es,6,2
footnotes,footnot.es,9,2
fractures,fractur.es,9,2
frescoes,fresco.es,8,2
furnaces,furnac.es,8,2
gables,gabl.es,6,2
genres,genr.es,6,2
goggles,goggl.es,7,2
guesses,guess.es,7,2
braces,brac.es,6,2
hillsides,hillsid.es,9,2
hordes,hord.es,6,2
imperatives,imperativ.es,11,2
inconsistencies,inconsistenci.es,15,2
breeches,breech.es,8,2
interviewees,interviewe.es,12,2
inventories,inventori.es,11,2
invertebrates,invertebrat.es,13,2
bribes,brib.es,6,2
brides,brid.es,6,2
juries,juri.es,6,2
juveniles,juvenil.es,9,2
latitudes,latitud.es,9,2
leagues,leagu.es,7,2
legacies,legaci.es,8,2
lifestyles,lifestyl.es,10,2
lilies,lili.es,6,2
majorities,majoriti.es,10,2
bronzes,bronz.es,7,2
melodies,melodi.es,8,2
mixes,mix.es,5,2
nappies,nappi.es,7,2
necessities,necessiti.es,11,2
nettles,nettl.es,7,2
nitrates,nitrat.es,8,2
bunches,bunch.es,7,2
operatives,operativ.es,10,2
bureaucracies,bureaucraci.es,13,2
panes,pan.es,5,2
burglaries,burglari.es,10,2
pennines,pennin.es,8,2
philosophies,philosophi.es,12,2
pines,pin.es,5,2
plaques,plaqu.es,7,2
pleases,pleas.es,7,2
popes,pop.es,5,2
poppies,poppi.es,7,2
praises,prais.es,7,2
precedes,preced.es,8,2
primaries,primari.es,9,2
primates,primat.es,8,2
bytes,byt.es,5,2
publishes,publish.es,9,2
punches,punch.es,7,2
puppies,puppi.es,7,2
qualifies,qualifi.es,9,2
cafes,caf.es,5,2
reeves,reev.es,6,2
reflexes,reflex.es,8,2
researches,research.es,10,2
resides,resid.es,7,2
revolves,revolv.es,8,2
rhymes,rhym.es,6,2
ripples,rippl.es,7,2
rivalries,rivalri.es,9,2
rouges,roug.es,6,2
sardines,sardin.es,8,2
sauces,sauc.es,6,2
signatories,signatori.es,11,2
signifies,signifi.es,9,2
spares,spar.es,6,2
specialities,specialiti.es,12,2
spores,spor.es,6,2
staircases,staircas.es,10,2
staples,stapl.es,7,2
stares,star.es,6,2
canvases,canvas.es,8,2
stimulates,stimulat.es,10,2
stokes,stok.es,6,2
suitcases,suitcas.es,9,2
capsules,capsul.es,8,2
sunglasses,sunglass.es,10,2
captures,captur.es,8,2
symphonies,symphoni.es,10,2
tapestries,tapestri.es,10,2
carbohydrates,carbohydrat.es,13,2
templates,templat.es,9,2
tentacles,tentacl.es,9,2
threes,thre.es,6,2
timetables,timetabl.es,10,2
cargoes,cargo.es,7,2
tributes,tribut.es,8,2
carnivores,carnivor.es,10,2
uncles,uncl.es,6,2
updates,updat.es,7,2
vaccines,vaccin.es,8,2
vagaries,vagari.es,8,2
vertebrates,vertebrat.es,11,2
cartridges,cartridg.es,10,2
vultures,vultur.es,8,2
wakes,wak.es,5,2
wardrobes,wardrob.es,9,2
washes,wash.es,6,2
cemeteries,cemeteri.es,10,2
censuses,census.es,8,2
certainties,certainti.es,11,2
cheekbones,cheekbon.es,10,2
cherries,cherri.es,8,2
chimpanzees,chimpanze.es,11,2
climates,climat.es,8,2
cloves,clov.es,6,2
cobbles,cobbl.es,7,2
commentaries,commentari.es,12,2
completes,complet.es,9,2
concedes,conced.es,8,2
confesses,confess.es,9,2
confidences,confidenc.es,11,1
confuses,confus.es,8,1
parachutes,parachut.es,10,1
parades,parad.es,7,1
congresses,congress.es,10,1
effigies,effigi.es,8,1
paradoxes,paradox.es,9,1
conjectures,conjectur.es,11,1
grilles,grill.es,7,1
lodges,lodg.es,6,1
abscesses,abscess.es,9,1
absentees,absente.es,9,1
absolutes,absolut.es,9,1
conjures,conjur.es,8,1
cronies,croni.es,7,1
dismisses,dismiss.es,9,1
fries,fri.es,5,1
howes,how.es,5,1
insecticides,insecticid.es,12,1
absurdities,absurditi.es,11,1
menaces,menac.es,7,1
mules,mul.es,5,1
parentheses,parenthes.es,11,1
presumes,presum.es,8,1
racehorses,racehors.es,10,1
academies,academi.es,9,1
saddles,saddl.es,7,1
sheaves,sheav.es,7,1
technicalities,technicaliti.es,14,1
tortoises,tortois.es,9,1
accelerates,accelerat.es,11,1
watercourses,watercours.es,12,1
acceptances,acceptanc.es,11,1
accommodates,accommodat.es,12,1
accomplices,accomplic.es,11,1
accumulates,accumulat.es,11,1
connectives,connectiv.es,11,1
cornflakes,cornflak.es,10,1
accuses,accus.es,7,1
dragonflies,dragonfli.es,11,1
elasticities,elasticiti.es,12,1
aces,ac.es,4,1
evacuees,evacue.es,8,1
exposes,expos.es,7,1
fluctuates,fluctuat.es,10,1
frigates,frigat.es,8,1
giggles,giggl.es,7,1
herbicides,herbicid.es,10,1
hues,hu.es,4,1
impurities,impuriti.es,10,1
insecurities,insecuriti.es,12,1
legislatures,legislatur.es,12,1
loopholes,loophol.es,9,1
multiples,multipl.es,9,1
neuroses,neuros.es,8,1
oases,oas.es,5,1
pervades,pervad.es,8,1
postures,postur.es,8,1
riddles,riddl.es,7,1
sakes,sak.es,5,1
skirmishes,skirmish.es,10,1
statuettes,statuett.es,10,1
subcultures,subcultur.es,11,1
thicknesses,thickness.es,11,1
utilises,utilis.es,8,1
vesicles,vesicl.es,8,1
workplaces,workplac.es,10,1
activates,activat.es,9,1
adhesives,adhesiv.es,9,1
consciences,conscienc.es,11,1
cytokines,cytokin.es,9,1
delicacies,delicaci.es,10,1
admires,admir.es,7,1
dinghies,dinghi.es,8,1
dispatches,dispatch.es,10,1
drapes,drap.es,6,1
dynasties,dynasti.es,9,1
electorates,electorat.es,11,1
emissaries,emissari.es,10,1
endures,endur.es,7,1
evaluates,evaluat.es,9,1
exposures,exposur.es,9,1
adores,ador.es,6,1
flues,flu.es,5,1
fortresses,fortress.es,10,1
gipsies,gipsi.es,7,1
harmonies,harmoni.es,9,1
herbivores,herbivor.es,10,1
inaccuracies,inaccuraci.es,12,1
interludes,interlud.es,10,1
invokes,invok.es,7,1
adversaries,adversari.es,11,1
latrines,latrin.es,8,1
limes,lim.es,5,1
mercies,merci.es,7,1
millionaires,millionair.es,12,1
mores,mor.es,5,1
multitudes,multitud.es,10,1
niceties,niceti.es,8,1
obituaries,obituari.es,10,1
oligonucleotides,oligonucleotid.es,16,1
participates,participat.es,12,1
pickles,pickl.es,7,1
plagues,plagu.es,7,1
polymerases,polymeras.es,11,1
pretences,pretenc.es,9,1
purses,purs.es,6,1
radiates,radiat.es,8,1
repositories,repositori.es,12,1
resistances,resistanc.es,11,1
rosettes,rosett.es,8,1
sikes,sik.es,5,1
snowflakes,snowflak.es,10,1
affiliates,affiliat.es,10,1
tresses,tress.es,7,1
vestiges,vestig.es,8,1
agonies,agoni.es,7,1
agonistes,agonist.es,9,1
ales,al.es,4,1
continuities,continuiti.es,12,1
coolies,cooli.es,7,1
courgettes,courgett.es,10,1
creases,creas.es,7,1
crusades,crusad.es,8,1
cures,cur.es,5,1
dailies,daili.es,7,1
dashes,dash.es,6,1
defies,defi.es,6,1
deteriorates,deteriorat.es,12,1
dioceses,dioces.es,8,1
allegiances,allegianc.es,11,1
discloses,disclos.es,9,1
disposes,dispos.es,8,1
distributes,distribut.es,11,1
documentaries,documentari.es,13,1
alleles,allel.es,7,1
allergies,allergi.es,9,1
enclaves,enclav.es,8,1
allocates,allocat.es,9,1
evaporates,evaporat.es,10,1
exemplifies,exemplifi.es,11,1
facades,facad.es,7,1
fissures,fissur.es,8,1
flushes,flush.es,7,1
frontages,frontag.es,9,1
fuses,fus.es,5,1
gargoyles,gargoyl.es,9,1
gorges,gorg.es,6,1
harnesses,harness.es,9,1
hoses,hos.es,5,1
imagines,imagin.es,8,1
impinges,imping.es,8,1
indignities,indigniti.es,11,1
inspires,inspir.es,8,1
altitudes,altitud.es,9,1
licenses,licens.es,8,1
limestones,limeston.es,10,1
loaves,loav.es,6,1
amazes,amaz.es,6,1
mattresses,mattress.es,10,1
megabytes,megabyt.es,9,1
merges,merg.es,6,1
microbes,microb.es,8,1
mistresses,mistress.es,10,1
morphemes,morphem.es,9,1
mummies,mummi.es,7,1
natures,natur.es,7,1
nicknames,nicknam.es,9,1
ambulances,ambulanc.es,10,1
overcomes,overcom.es,9,1
pastries,pastri.es,8,1
penetrates,penetrat.es,10,1
pharisees,pharise.es,9,1
pineapples,pineappl.es,10,1
polypeptides,polypeptid.es,12,1
porpoises,porpois.es,9,1
potencies,potenci.es,9,1
prefixes,prefix.es,8,1
prerequisites,prerequisit.es,13,1
prototypes,prototyp.es,10,1
pursues,pursu.es,7,1
raffles,raffl.es,7,1
rarities,rariti.es,8,1
raves,rav.es,5,1
reassurances,reassuranc.es,12,1
recoveries,recoveri.es,10,1
regularities,regulariti.es,12,1
resemblances,resemblanc.es,12,1
resolves,resolv.es,8,1
robberies,robberi.es,9,1
rotates,rotat.es,7,1
rowdies,rowdi.es,7,1
scones,scon.es,6,1
amphetamines,amphetamin.es,12,1
seizures,seizur.es,8,1
shackles,shackl.es,8,1
shingles,shingl.es,8,1
sixes,six.es,5,1
smarties,smarti.es,8,1
squabbles,squabbl.es,9,1
staves,stav.es,6,1
amplitudes,amplitud.es,10,1
syndicates,syndicat.es,10,1
tenancies,tenanci.es,9,1
thebes,theb.es,6,1
thymocytes,thymocyt.es,10,1
tithes,tith.es,6,1
tomes,tom.es,5,1
transpires,transpir.es,10,1
trestles,trestl.es,8,1
trilobites,trilobit.es,10,1
turbines,turbin.es,8,1
universes,univers.es,9,1
variances,varianc.es,9,1
analogues,analogu.es,9,1
weaves,weav.es,6,1
wipes,wip.es,5,1
anemones,anemon.es,8,1
anniversaries,anniversari.es,13,1
annuities,annuiti.es,9,1
anticipates,anticipat.es,11,1
antiquaries,antiquari.es,11,1
contemplates,contemplat.es,12,1
cooperatives,cooperativ.es,12,1
apothecaries,apothecari.es,12,1
crevices,crevic.es,8,1
crutches,crutch.es,8,1
curiosities,curiositi.es,11,1
appendages,appendag.es,10,1
dairies,dairi.es,7,1
appendices,appendic.es,10,1
dependencies,dependenci.es,12,1
destinies,destini.es,9,1
devotees,devote.es,8,1
appointees,appointe.es,10,1
appreciates,appreciat.es,11,1
appropriates,appropriat.es,12,1
approves,approv.es,8,1
approximates,approximat.es,12,1
dormitories,dormitori.es,11,1
dungarees,dungare.es,9,1
earphones,earphon.es,9,1
aptitudes,aptitud.es,9,1
electrolytes,electrolyt.es,12,1
encloses,enclos.es,8,1
ensues,ensu.es,6,1
enthalpies,enthalpi.es,10,1
eventualities,eventualiti.es,13,1
evolves,evolv.es,7,1
expanses,expans.es,8,1
externalities,externaliti.es,13,1
arcades,arcad.es,7,1
fates,fat.es,5,1
finches,finch.es,7,1
fireplaces,fireplac.es,10,1
flutes,flut.es,6,1
follies,folli.es,7,1
foresees,forese.es,8,1
foursomes,foursom.es,9,1
fragrances,fragranc.es,10,1
freckles,freckl.es,8,1
functionaries,functionari.es,13,1
gazes,gaz.es,5,1
graces,grac.es,6,1
grammes,gramm.es,7,1
greaves,greav.es,7,1
hackles,hackl.es,7,1
hatches,hatch.es,7,1
haunches,haunch.es,8,1
heavies,heavi.es,7,1
hemispheres,hemispher.es,11,1
idiosyncrasies,idiosyncrasi.es,14,1
illuminates,illuminat.es,11,1
arles,arl.es,5,1
inefficiencies,inefficienci.es,14,1
instabilities,instabiliti.es,13,1
integrates,integrat.es,10,1
arouses,arous.es,7,1
intervenes,interven.es,10,1
intestines,intestin.es,10,1
arranges,arrang.es,8,1
irises,iris.es,6,1
irritates,irritat.es,9,1
isotopes,isotop.es,8,1
kettles,kettl.es,7,1
lasses,lass.es,6,1
leakages,leakag.es,8,1
lees,le.es,4,1
lighthouses,lighthous.es,11,1
limousines,limousin.es,10,1
lobbies,lobbi.es,7,1
artichokes,artichok.es,10,1
mandibles,mandibl.es,9,1
articulates,articulat.es,11,1
massacres,massacr.es,9,1
matures,matur.es,7,1
artistes,artist.es,8,1
methodologies,methodologi.es,13,1
midges,midg.es,6,1
miniatures,miniatur.es,10,1
misfortunes,misfortun.es,11,1
mites,mit.es,5,1
modalities,modaliti.es,10,1
mortgagees,mortgage.es,10,1
mosses,moss.es,6,1
motorbikes,motorbik.es,10,1
municipalities,municipaliti.es,14,1
asides,asid.es,6,1
navies,navi.es,6,1
nieces,niec.es,6,1
nuances,nuanc.es,7,1
nuisances,nuisanc.es,9,1
obliges,oblig.es,7,1
octaves,octav.es,7,1
aspires,aspir.es,7,1
organises,organis.es,9,1
asses,ass.es,5,1
assesses,assess.es,8,1
pancakes,pancak.es,8,1
panties,panti.es,7,1
peaches,peach.es,7,1
perfumes,perfum.es,8,1
assizes,assiz.es,7,1
pheromones,pheromon.es,10,1
photocopies,photocopi.es,11,1
pipelines,pipelin.es,9,1
assures,assur.es,7,1
platitudes,platitud.es,10,1
pluses,plus.es,6,1
porches,porch.es,7,1
potentialities,potentialiti.es,14,1
pouches,pouch.es,7,1
practises,practis.es,9,1
precludes,preclud.es,9,1
prerogatives,prerogativ.es,12,1
preserves,preserv.es,9,1
prides,prid.es,6,1
primitives,primitiv.es,10,1
princesses,princess.es,10,1
provokes,provok.es,8,1
rages,rag.es,5,1
atmospheres,atmospher.es,11,1
raspberries,raspberri.es,11,1
ravines,ravin.es,7,1
rectangles,rectangl.es,10,1
regulates,regulat.es,9,1
reproduces,reproduc.es,10,1
residences,residenc.es,10,1
resonances,resonanc.es,10,1
romances,romanc.es,8,1
rupees,rupe.es,6,1
aubergines,aubergin.es,10,1
scribes,scrib.es,7,1
sensitivities,sensitiviti.es,13,1
shires,shir.es,6,1
silhouettes,silhouett.es,11,1
skates,skat.es,6,1
sledges,sledg.es,7,1
sores,sor.es,5,1
spitfires,spitfir.es,9,1
spokes,spok.es,6,1
stances,stanc.es,7,1
authorises,authoris.es,10,1
autobiographies,autobiographi.es,15,1
substrates,substrat.es,10,1
sues,su.es,4,1
suicides,suicid.es,8,1
summonses,summons.es,9,1
supposes,suppos.es,8,1
surges,surg.es,6,1
swales,swal.es,6,1
syndromes,syndrom.es,9,1
tangles,tangl.es,7,1
tenures,tenur.es,7,1
automobiles,automobil.es,11,1
thistles,thistl.es,8,1
throes,thro.es,6,1
tolerances,toleranc.es,10,1
treatises,treatis.es,9,1
auxiliaries,auxiliari.es,11,1
trombones,trombon.es,9,1
truffles,truffl.es,8,1
typefaces,typefac.es,9,1
vibes,vib.es,5,1
violates,violat.es,8,1
wallabies,wallabi.es,9,1
wedges,wedg.es,6,1
whistles,whistl.es,8,1
whores,whor.es,6,1
woes,wo.es,4,1
workhouses,workhous.es,10,1
axles,axl.es,5,1
babes,bab.es,5,1
baddies,baddi.es,7,1
bagpipes,bagpip.es,8,1
bangles,bangl.es,7,1
banknotes,banknot.es,9,1
bankruptcies,bankruptci.es,12,1
barbecues,barbecu.es,9,1
barnacles,barnacl.es,9,1
bases,bas.es,5,1
basques,basqu.es,7,1
basses,bass.es,6,1
beeches,beech.es,7,1
belies,beli.es,6,1
bellies,belli.es,7,1
benefices,benefic.es,9,1
beverages,beverag.es,9,1
bibles,bibl.es,6,1
bibliographies,bibliographi.es,14,1
conservatories,conservatori.es,14,1
bitches,bitch.es,7,1
consultancies,consultanci.es,13,1
consumes,consum.es,8,1
bivalves,bivalv.es,8,1
conveniences,convenienc.es,12,1
convinces,convinc.es,9,1
copes,cop.es,5,1
blackberries,blackberri.es,12,1
courtesies,courtesi.es,10,1
coves,cov.es,5,1
crannies,cranni.es,8,1
criticises,criticis.es,10,1
criticizes,criticiz.es,10,1
critiques,critiqu.es,9,1
crocodiles,crocodil.es,10,1
cubicles,cubicl.es,8,1
culminates,culminat.es,10,1
curses,curs.es,6,1
dares,dar.es,5,1
deformities,deformiti.es,11,1
blemishes,blemish.es,9,1
deities,deiti.es,7,1
demoiselles,demoisell.es,11,1
dentures,dentur.es,8,1
deportees,deporte.es,9,1
deprives,depriv.es,8,1
despatches,despatch.es,10,1
devotes,devot.es,7,1
blockages,blockag.es,9,1
blondes,blond.es,7,1
differentiates,differentiat.es,14,1
dignitaries,dignitari.es,11,1
diminishes,diminish.es,10,1
disagrees,disagre.es,9,1
disappearances,disappearanc.es,14,1
blotches,blotch.es,8,1
blouses,blous.es,7,1
discontinuities,discontinuiti.es,15,1
discourages,discourag.es,11,1
disincentives,disincentiv.es,13,1
dissolves,dissolv.es,9,1
distilleries,distilleri.es,12,1
divorces,divorc.es,8,1
dominoes,domino.es,8,1
doves,dov.es,5,1
blushes,blush.es,7,1
droves,drov.es,6,1
dummies,dummi.es,7,1
dwarves,dwarv.es,7,1
bobbies,bobbi.es,7,1
eases,eas.es,5,1
eccentricities,eccentriciti.es,14,1
eddies,eddi.es,6,1
efficiencies,efficienci.es,12,1
eliminates,eliminat.es,10,1
bogies,bogi.es,6,1
emanates,emanat.es,8,1
emirates,emirat.es,8,1
encapsulates,encapsulat.es,12,1
encodes,encod.es,7,1
endorses,endors.es,8,1
engages,engag.es,7,1
ensembles,ensembl.es,9,1
entitles,entitl.es,8,1
equates,equat.es,7,1
essences,essenc.es,8,1
bonfires,bonfir.es,8,1
excites,excit.es,7,1
exigencies,exigenci.es,10,1
explodes,explod.es,8,1
bookcases,bookcas.es,9,1
extremities,extremiti.es,11,1
fables,fabl.es,6,1
fades,fad.es,5,1
fakes,fak.es,5,1
farmhouses,farmhous.es,10,1
fatalities,fataliti.es,10,1
fatigues,fatigu.es,8,1
faxes,fax.es,5,1
figurines,figurin.es,9,1
fixes,fix.es,5,1
boreholes,borehol.es,9,1
bores,bor.es,5,1
flagstones,flagston.es,10,1
floodgates,floodgat.es,10,1
flourishes,flourish.es,10,1
foes,fo.es,4,1
forgeries,forgeri.es,9,1
forges,forg.es,6,1
franchisees,franchise.es,11,1
frees,fre.es,5,1
freezes,freez.es,7,1
fridges,fridg.es,7,1
fugitives,fugitiv.es,9,1
gauges,gaug.es,6,1
generalities,generaliti.es,12,1
gentiles,gentil.es,8,1
bounces,bounc.es,7,1
globes,glob.es,6,1
globules,globul.es,8,1
gnomes,gnom.es,6,1
goddesses,goddess.es,9,1
goodbyes,goodby.es,8,1
granites,granit.es,8,1
gravestones,graveston.es,11,1
boutiques,boutiqu.es,9,1
greenhouses,greenhous.es,11,1
guises,guis.es,6,1
gullies,gulli.es,7,1
hades,had.es,5,1
hairstyles,hairstyl.es,10,1
hares,har.es,5,1
hepatocytes,hepatocyt.es,11,1
heroines,heroin.es,8,1
hesitates,hesitat.es,9,1
hives,hiv.es,5,1
horoscopes,horoscop.es,10,1
brambles,brambl.es,8,1
hypocrites,hypocrit.es,10,1
brasses,brass.es,7,1
immunities,immuniti.es,10,1
impedances,impedanc.es,10,1
impresses,impress.es,9,1
indemnities,indemniti.es,11,1
initiates,initiat.es,9,1
injustices,injustic.es,10,1
breathes,breath.es,8,1
insurances,insuranc.es,10,1
intakes,intak.es,7,1
intensities,intensiti.es,11,1
interferes,interfer.es,10,1
breezes,breez.es,7,1
intricacies,intricaci.es,11,1
intrigues,intrigu.es,9,1
ironies,ironi.es,7,1
jealousies,jealousi.es,10,1
jellies,jelli.es,7,1
jungles,jungl.es,7,1
brigades,brigad.es,8,1
kiddies,kiddi.es,7,1
laces,lac.es,5,1
lances,lanc.es,6,1
lapses,laps.es,6,1
lathes,lath.es,6,1
laxatives,laxativ.es,9,1
ledges,ledg.es,6,1
leeches,leech.es,7,1
legionnaires,legionnair.es,12,1
bristles,bristl.es,8,1
licensees,license.es,9,1
lifetimes,lifetim.es,9,1
lineages,lineag.es,8,1
lobes,lob.es,5,1
locates,locat.es,7,1
brogues,brogu.es,7,1
lounges,loung.es,7,1
luminaries,luminari.es,10,1
lysosomes,lysosom.es,9,1
macrophages,macrophag.es,11,1
magnitudes,magnitud.es,10,1
magpies,magpi.es,7,1
mandates,mandat.es,8,1
marries,marri.es,7,1
brooches,brooch.es,8,1
maturities,maturiti.es,10,1
mealtimes,mealtim.es,9,1
mementoes,memento.es,9,1
metabolites,metabolit.es,11,1
meteorites,meteorit.es,10,1
microscopes,microscop.es,11,1
microwaves,microwav.es,10,1
milestones,mileston.es,10,1
minimises,minimis.es,9,1
miscarriages,miscarriag.es,12,1
miseries,miseri.es,8,1
modifies,modifi.es,8,1
monologues,monologu.es,10,1
mosques,mosqu.es,7,1
motivates,motivat.es,9,1
motorcycles,motorcycl.es,11,1
moustaches,moustach.es,10,1
buckles,buckl.es,7,1
muses,mus.es,5,1
mythologies,mythologi.es,11,1
buddies,buddi.es,7,1
nannies,nanni.es,7,1
navvies,navvi.es,7,1
necessitates,necessitat.es,12,1
necklaces,necklac.es,9,1
negotiates,negotiat.es,10,1
nematodes,nematod.es,9,1
neurones,neuron.es,8,1
nines,nin.es,5,1
nodules,nodul.es,7,1
nominees,nomine.es,8,1
noodles,noodl.es,7,1
novelties,novelti.es,9,1
bullies,bulli.es,7,1
nozzles,nozzl.es,7,1
nucleotides,nucleotid.es,11,1
nudes,nud.es,5,1
obscenities,obsceniti.es,11,1
obscures,obscur.es,8,1
oddities,odditi.es,8,1
oldies,oldi.es,6,1
oocytes,oocyt.es,7,1
ores,or.es,4,1
organizes,organiz.es,9,1
orgies,orgi.es,6,1
outhouses,outhous.es,9,1
outrages,outrag.es,8,1
ovaries,ovari.es,7,1
overrides,overrid.es,9,1
oversees,overse.es,8,1
overtures,overtur.es,9,1
paddles,paddl.es,7,1
pansies,pansi.es,7,1
parables,parabl.es,8,1
partridges,partridg.es,10,1
pastimes,pastim.es,8,1
peculiarities,peculiariti.es,13,1
perceives,perceiv.es,9,1
permeates,permeat.es,9,1
persuades,persuad.es,9,1
bursaries,bursari.es,9,1
philistines,philistin.es,11,1
phosphates,phosphat.es,10,1
pilgrimages,pilgrimag.es,11,1
pinnacles,pinnacl.es,9,1
pleasantries,pleasantri.es,12,1
plumes,plum.es,6,1
plunges,plung.es,7,1
positives,positiv.es,9,1
postgraduates,postgraduat.es,13,1
postulates,postulat.es,10,1
potholes,pothol.es,8,1
potteries,potteri.es,9,1
buttresses,buttress.es,10,1
practicalities,practicaliti.es,14,1
predicates,predicat.es,10,1
predominates,predominat.es,12,1
prelates,prelat.es,8,1
premisses,premiss.es,9,1
prescribes,prescrib.es,10,1
preservatives,preservativ.es,13,1
presides,presid.es,8,1
primroses,primros.es,9,1
cabbages,cabbag.es,8,1
principalities,principaliti.es,14,1
caches,cach.es,6,1
prophecies,propheci.es,10,1
prunes,prun.es,6,1
purges,purg.es,6,1
caddies,caddi.es,7,1
rabies,rabi.es,6,1
cadres,cadr.es,6,1
rapes,rap.es,5,1
rashes,rash.es,6,1
readies,readi.es,7,1
realizes,realiz.es,8,1
recesses,recess.es,8,1
recurrences,recurrenc.es,11,1
refineries,refineri.es,10,1
refuges,refug.es,7,1
relaxes,relax.es,7,1
relieves,reliev.es,8,1
remittances,remittanc.es,11,1
calculates,calculat.es,10,1
rescues,rescu.es,7,1
restores,restor.es,8,1
resumes,resum.es,7,1
reverses,revers.es,8,1
rogues,rogu.es,6,1
rubies,rubi.es,6,1
sanctuaries,sanctuari.es,11,1
sandstones,sandston.es,10,1
savages,savag.es,7,1
sclerites,sclerit.es,9,1
scrapes,scrap.es,7,1
scratches,scratch.es,9,1
scruples,scrupl.es,8,1
secures,secur.es,7,1
seizes,seiz.es,6,1
sensibilities,sensibiliti.es,13,1
sentries,sentri.es,8,1
shales,shal.es,6,1
shrines,shrin.es,7,1
canaries,canari.es,8,1
sieges,sieg.es,6,1
simplifies,simplifi.es,10,1
singularities,singulariti.es,13,1
canes,can.es,5,1
smokes,smok.es,6,1
snares,snar.es,6,1
snatches,snatch.es,8,1
solves,solv.es,6,1
sorties,sorti.es,7,1
canoes,cano.es,6,1
specialties,specialti.es,11,1
canopies,canopi.es,8,1
splashes,splash.es,8,1
sponges,spong.es,7,1
squeezes,squeez.es,8,1
squires,squir.es,7,1
steppes,stepp.es,7,1
stipulates,stipulat.es,10,1
stoppages,stoppag.es,9,1
capillaries,capillari.es,11,1
strives,striv.es,7,1
subtitles,subtitl.es,9,1
subtleties,subtleti.es,10,1
suffices,suffic.es,8,1
suffixes,suffix.es,8,1
summarizes,summariz.es,10,1
superstores,superstor.es,11,1
surgeries,surgeri.es,9,1
captives,captiv.es,8,1
surnames,surnam.es,8,1
swathes,swath.es,7,1
symbolises,symbolis.es,10,1
symbolizes,symboliz.es,10,1
synapses,synaps.es,8,1
syringes,syring.es,8,1
tadpoles,tadpol.es,8,1
telescopes,telescop.es,10,1
carbonates,carbonat.es,10,1
terminates,terminat.es,10,1
termites,termit.es,8,1
testicles,testicl.es,9,1
testifies,testifi.es,9,1
carcasses,carcass.es,9,1
thrives,thriv.es,7,1
thrones,thron.es,7,1
thrushes,thrush.es,8,1
timescales,timescal.es,10,1
toiletries,toiletri.es,10,1
tombstones,tombston.es,10,1
caresses,caress.es,8,1
trajectories,trajectori.es,12,1
transparencies,transparenci.es,14,1
caricatures,caricatur.es,11,1
tributaries,tributari.es,11,1
twelves,twelv.es,7,1
typifies,typifi.es,8,1
unawares,unawar.es,8,1
undergoes,undergo.es,9,1
undermines,undermin.es,10,1
undersides,undersid.es,10,1
undertones,underton.es,10,1
unites,unit.es,6,1
upgrades,upgrad.es,8,1
usages,usag.es,6,1
vampires,vampir.es,8,1
vanishes,vanish.es,8,1
velocities,velociti.es,10,1
verges,verg.es,6,1
vices,vic.es,5,1
vicissitudes,vicissitud.es,12,1
vigilantes,vigilant.es,10,1
voles,vol.es,5,1
voltages,voltag.es,8,1
cascades,cascad.es,8,1
waitresses,waitress.es,10,1
weeklies,weekli.es,8,1
wellies,welli.es,7,1
wholes,whol.es,6,1
wiles,wil.es,5,1
winches,winch.es,7,1
casseroles,casserol.es,10,1
workforces,workforc.es,10,1
workmates,workmat.es,9,1
castes,cast.es,6,1
catastrophes,catastroph.es,12,1
cavities,caviti.es,8,1
characterizes,characteriz.es,13,1
chases,chas.es,6,1
chimes,chim.es,6,1
chives,chiv.es,6,1
choruses,chorus.es,8,1
chronicles,chronicl.es,10,1
circulates,circulat.es,10,1
circuses,circus.es,8,1
clarifies,clarifi.es,9,1
classmates,classmat.es,10,1
clearances,clearanc.es,10,1
clearinghouses,clearinghous.es,14,1
cliches,clich.es,7,1
climes,clim.es,6,1
clutches,clutch.es,8,1
cockroaches,cockroach.es,11,1
coffees,coffe.es,7,1
coincidences,coincidenc.es,12,1
coles,col.es,5,1
collages,collag.es,8,1
collectivities,collectiviti.es,14,1
collieries,collieri.es,10,1
comedies,comedi.es,8,1
commemorates,commemorat.es,12,1
commences,commenc.es,9,1
communes,commun.es,8,1
communicates,communicat.es,12,1
compensates,compensat.es,11,1
competences,competenc.es,11,1
competencies,competenci.es,12,1
competes,compet.es,8,1
complicates,complicat.es,11,1
complies,compli.es,8,1
composites,composit.es,10,1
conceives,conceiv.es,9,1
condolences,condolenc.es,11,1
